{"sprites":[{"x":0,"y":480,"width":185,"height":120,"pivotX":92,"pivotY":60},{"x":185,"y":480,"width":185,"height":120,"pivotX":92,"pivotY":60},{"x":370,"y":480,"width":185,"height":120,"pivotX":92,"pivotY":60},{"x":555,"y":480,"width":185,"height":120,"pivotX":92,"pivotY":60},{"x":0,"y":360,"width":185,"height":120,"pivotX":92,"pivotY":60},{"x":185,"y":360,"width":185,"height":120,"pivotX":92,"pivotY":60},{"x":370,"y":360,"width":185,"height":120,"pivotX":92,"pivotY":60},{"x":555,"y":360,"width":185,"height":120,"pivotX":92,"pivotY":60},{"x":0,"y":240,"width":185,"height":120,"pivotX":92,"pivotY":60},{"x":185,"y":240,"width":185,"height":120,"pivotX":92,"pivotY":60},{"x":370,"y":240,"width":185,"height":120,"pivotX":92,"pivotY":60},{"x":555,"y":240,"width":185,"height":120,"pivotX":92,"pivotY":60},{"x":0,"y":120,"width":185,"height":120,"pivotX":92,"pivotY":60},{"x":185,"y":120,"width":185,"height":120,"pivotX":92,"pivotY":60},{"x":370,"y":120,"width":185,"height":120,"pivotX":92,"pivotY":60},{"x":555,"y":120,"width":185,"height":120,"pivotX":92,"pivotY":60},{"x":0,"y":0,"width":185,"height":120,"pivotX":92,"pivotY":60}]}